rank,institution_id,university,total_impact_factor_score,total_impact_factor_score_exact,qualifying_papers,full_credit_papers,fractional_credit_papers,primary_correspondence_score_exact,openalex_fallback_score_exact,openalex_fallback_papers,dataset_status
1,harvard-university,Harvard University,795.4932142857,2227381/2800,66,13,53,2024451/2800,2899/40,5,FINAL_SNAPSHOT_2026-09-27
2,university-of-cambridge,University of Cambridge,572.2240476190,2403341/4200,47,18,29,79262/175,71579/600,8,FINAL_SNAPSHOT_2026-09-27
3,stanford-university,Stanford University,530.0383333333,318023/600,31,13,18,271723/600,463/6,5,FINAL_SNAPSHOT_2026-09-27
4,university-of-california-berkeley,"University of California, Berkeley",491.8166666667,29509/60,40,8,32,35791/120,23227/120,9,FINAL_SNAPSHOT_2026-09-27
5,university-of-oxford,University of Oxford,439.4104761905,461381/1050,46,10,36,51473/150,3369/35,6,FINAL_SNAPSHOT_2026-09-27
6,university-of-pennsylvania,University of Pennsylvania,437.9833333333,26279/60,25,17,8,25817/60,77/10,1,FINAL_SNAPSHOT_2026-09-27
7,zhejiang-university,Zhejiang University,435.1183333333,261071/600,46,15,31,11671/30,9217/200,4,FINAL_SNAPSHOT_2026-09-27
8,peking-university,Peking University,316.2750000000,12651/40,31,7,24,8909/30,2317/120,3,FINAL_SNAPSHOT_2026-09-27
9,university-of-california-los-angeles,"University of California, Los Angeles",308.8750000000,2471/8,18,7,11,6139/20,77/40,1,FINAL_SNAPSHOT_2026-09-27
10,yale-university,Yale University,299.1491666667,358979/1200,20,10,10,248429/1200,737/8,5,FINAL_SNAPSHOT_2026-09-27
11,university-of-copenhagen,University of Copenhagen,283.4866666667,42523/150,32,7,25,14638/75,13247/150,7,FINAL_SNAPSHOT_2026-09-27
12,university-of-chicago,University of Chicago,271.8166666667,16309/60,23,12,11,3819/20,1213/15,8,FINAL_SNAPSHOT_2026-09-27
13,university-of-washington,University of Washington,265.2200000000,13261/50,24,5,19,38153/150,163/15,2,FINAL_SNAPSHOT_2026-09-27
14,university-of-bristol,University of Bristol,265.0166666667,15901/60,22,7,15,14977/60,77/5,3,FINAL_SNAPSHOT_2026-09-27
15,princeton-university,Princeton University,256.9250000000,10277/40,16,7,9,6751/40,1763/20,4,FINAL_SNAPSHOT_2026-09-27
16,university-of-california-san-diego,"University of California, San Diego",242.6716666667,145603/600,20,9,11,145603/600,0,0,FINAL_SNAPSHOT_2026-09-27
17,the-university-of-queensland,The University of Queensland,241.3366666667,72401/300,17,6,11,12779/75,1419/20,2,FINAL_SNAPSHOT_2026-09-27
18,university-of-michigan-ann-arbor,"University of Michigan, Ann Arbor",240.5083333333,28861/120,22,16,6,25099/120,627/20,2,FINAL_SNAPSHOT_2026-09-27
19,university-of-vienna,University of Vienna,220.5866666667,16544/75,20,10,10,31663/150,19/2,1,FINAL_SNAPSHOT_2026-09-27
20,eth-zurich,ETH Zurich,219.0066666667,32851/150,20,8,12,167,7801/150,4,FINAL_SNAPSHOT_2026-09-27
21,the-university-of-texas-at-austin,The University of Texas at Austin,217.6250000000,1741/8,10,6,4,7781/40,231/10,2,FINAL_SNAPSHOT_2026-09-27
22,university-college-london,University College London,213.4890476190,448327/2100,20,3,17,6534/35,8041/300,2,FINAL_SNAPSHOT_2026-09-27
23,uppsala-university,Uppsala University,205.5942857143,35979/175,25,9,16,68633/350,19/2,1,FINAL_SNAPSHOT_2026-09-27
24,university-of-toronto,University of Toronto,204.2166666667,12253/60,14,7,7,4901/30,817/20,3,FINAL_SNAPSHOT_2026-09-27
25,cornell-university,Cornell University,203.9500000000,4079/20,22,8,14,2759/24,10679/120,9,FINAL_SNAPSHOT_2026-09-27
26,china-agricultural-university,China Agricultural University,193.4333333333,5803/30,19,7,12,8153/60,1151/20,3,FINAL_SNAPSHOT_2026-09-27
27,the-university-of-tokyo,The University of Tokyo,182.5300000000,18253/100,20,13,7,2593/20,1322/25,6,FINAL_SNAPSHOT_2026-09-27
28,university-of-munich,LMU Munich,181.4488095238,152417/840,17,4,13,17609/120,4859/140,3,FINAL_SNAPSHOT_2026-09-27
29,pompeu-fabra-university,Pompeu Fabra University,178.3078571429,249631/1400,27,1,26,217137/1400,2321/100,3,FINAL_SNAPSHOT_2026-09-27
30,fudan-university,Fudan University,174.8341666667,209801/1200,29,3,26,92413/600,333/16,4,FINAL_SNAPSHOT_2026-09-27
31,california-institute-of-technology,California Institute of Technology,169.8466666667,25477/150,14,5,9,13877/150,232/3,4,FINAL_SNAPSHOT_2026-09-27
32,arizona-state-university,Arizona State University,169.0633333333,50719/300,18,9,9,40399/300,172/5,6,FINAL_SNAPSHOT_2026-09-27
33,university-of-wisconsin-madison,"University of Wisconsin, Madison",167.6166666667,10057/60,16,7,9,10057/60,0,0,FINAL_SNAPSHOT_2026-09-27
34,massachusetts-institute-of-technology-mit,Massachusetts Institute of Technology,165.6083333333,19873/120,22,3,19,19303/120,19/4,1,FINAL_SNAPSHOT_2026-09-27
35,stony-brook-university,Stony Brook University,164.4309523810,69061/420,9,3,6,20813/140,473/30,1,FINAL_SNAPSHOT_2026-09-27
36,university-of-british-columbia,University of British Columbia,160.4000000000,802/5,10,5,5,1371/20,1837/20,5,FINAL_SNAPSHOT_2026-09-27
37,the-university-of-melbourne,The University of Melbourne,159.3916666667,19127/120,17,6,11,2471/20,4301/120,4,FINAL_SNAPSHOT_2026-09-27
38,university-of-tuebingen,University of Tuebingen,157.6250000000,1261/8,20,5,15,997/8,33,4,FINAL_SNAPSHOT_2026-09-27
39,university-of-basel,University of Basel,156.2166666667,9373/60,14,4,10,9373/60,0,0,FINAL_SNAPSHOT_2026-09-27
40,sun-yat-sen-university,Sun Yat-sen University,153.4616666667,92077/600,19,4,15,19909/150,4147/200,2,FINAL_SNAPSHOT_2026-09-27
41,queen-mary-university-of-london,Queen Mary University of London,151.6571428571,5308/35,19,4,15,5173/40,6253/280,3,FINAL_SNAPSHOT_2026-09-27
42,erasmus-university-rotterdam,Erasmus University Rotterdam,149.2000000000,746/5,6,4,2,746/5,0,0,FINAL_SNAPSHOT_2026-09-27
43,imperial-college-london,Imperial College London,145.6266666667,10922/75,16,7,9,817/6,473/50,1,FINAL_SNAPSHOT_2026-09-27
44,fujian-agriculture-and-forestry-university,Fujian Agriculture and Forestry University,145.2083333333,3485/24,9,1,8,14587/120,473/20,1,FINAL_SNAPSHOT_2026-09-27
45,new-york-university,New York University,143.2000000000,716/5,15,6,9,5497/40,231/40,2,FINAL_SNAPSHOT_2026-09-27
46,swiss-federal-institute-of-technology-lausanne,Swiss Federal Institute of Technology Lausanne,143.0166666667,8581/60,6,4,2,543/20,1738/15,4,FINAL_SNAPSHOT_2026-09-27
47,columbia-university,Columbia University,142.9700000000,14297/100,12,4,8,39631/300,163/15,2,FINAL_SNAPSHOT_2026-09-27
48,university-of-lausanne,University of Lausanne,138.3738095238,58117/420,15,6,9,3545/28,353/30,3,FINAL_SNAPSHOT_2026-09-27
49,university-of-california-santa-cruz,"University of California, Santa Cruz",134.8488095238,113273/840,10,5,5,4913/56,2827/60,3,FINAL_SNAPSHOT_2026-09-27
50,johns-hopkins-university,Johns Hopkins University,134.0866666667,20113/150,10,4,6,7034/75,403/10,3,FINAL_SNAPSHOT_2026-09-27
51,duke-university,Duke University,131.7440476190,22133/168,14,8,6,10867/84,19/8,1,FINAL_SNAPSHOT_2026-09-27
52,shanghai-jiao-tong-university,Shanghai Jiao Tong University,130.8583333333,15703/120,11,3,8,15703/120,0,0,FINAL_SNAPSHOT_2026-09-27
53,nanjing-agricultural-university,Nanjing Agricultural University,130.3483333333,78209/600,18,3,15,30439/300,5777/200,4,FINAL_SNAPSHOT_2026-09-27
54,university-of-california-davis,"University of California, Davis",128.9666666667,3869/30,15,9,6,3869/30,0,0,FINAL_SNAPSHOT_2026-09-27
55,university-of-california-san-francisco,"University of California, San Francisco",128.7416666667,15449/120,13,4,9,5023/40,19/6,1,FINAL_SNAPSHOT_2026-09-27
56,lund-university,Lund University,127.5000000000,255/2,13,6,7,208/3,349/6,3,FINAL_SNAPSHOT_2026-09-27
57,stockholm-university,Stockholm University,127.4000000000,637/5,14,4,10,2323/24,3673/120,3,FINAL_SNAPSHOT_2026-09-27
58,the-university-of-texas-southwestern-medical-center-at-dallas,University of Texas Southwestern Medical Center,126.6333333333,3799/30,8,5,3,3799/30,0,0,FINAL_SNAPSHOT_2026-09-27
59,weizmann-institute-of-science,Weizmann Institute of Science,126.0425000000,50417/400,8,3,5,31497/400,473/10,1,FINAL_SNAPSHOT_2026-09-27
60,university-of-paris,Université Paris Cité,124.5828571429,21802/175,27,0,27,128117/1050,77/30,1,FINAL_SNAPSHOT_2026-09-27
61,huazhong-agricultural-university,Huazhong Agricultural University,123.5916666667,14831/120,19,0,19,971/12,1707/40,4,FINAL_SNAPSHOT_2026-09-27
62,northwest-a-f-university,Northwest A&F University,122.5000000000,245/2,12,6,6,1053/10,86/5,2,FINAL_SNAPSHOT_2026-09-27
63,university-of-zurich,University of Zurich,119.2233333333,35767/300,14,5,9,7061/60,77/50,1,FINAL_SNAPSHOT_2026-09-27
64,the-hebrew-university-of-jerusalem,The Hebrew University of Jerusalem,116.3233333333,34897/300,12,6,6,32059/300,473/50,1,FINAL_SNAPSHOT_2026-09-27
65,sichuan-university,Sichuan University,116.2083333333,2789/24,16,2,14,13483/120,77/20,2,FINAL_SNAPSHOT_2026-09-27
66,university-of-groningen,University of Groningen,113.4166666667,1361/12,10,4,6,3967/60,473/10,1,FINAL_SNAPSHOT_2026-09-27
67,xiamen-university,Xiamen University,112.5700000000,11257/100,8,5,3,10307/100,19/2,1,FINAL_SNAPSHOT_2026-09-27
68,jilin-university,Jilin University,110.3533333333,16553/150,7,0,7,5517/100,3311/60,3,FINAL_SNAPSHOT_2026-09-27
69,university-of-jena,University of Jena,108.6666666667,326/3,8,1,7,929/10,473/30,1,FINAL_SNAPSHOT_2026-09-27
70,texas-a-m-university,Texas A&M University,108.2250000000,4329/40,8,4,4,4329/40,0,0,FINAL_SNAPSHOT_2026-09-27
71,heinrich-heine-university-duesseldorf,Heinrich Heine University Duesseldorf,106.4250000000,4257/40,9,4,5,3949/40,77/10,1,FINAL_SNAPSHOT_2026-09-27
72,monash-university,Monash University,106.3666666667,3191/30,9,2,7,4963/60,473/20,1,FINAL_SNAPSHOT_2026-09-27
73,yunnan-university,Yunnan University,105.5166666667,6331/60,9,1,8,4681/60,55/2,2,FINAL_SNAPSHOT_2026-09-27
74,university-of-cologne,University of Cologne,105.4500000000,2109/20,9,6,3,2109/20,0,0,FINAL_SNAPSHOT_2026-09-27
75,university-of-otago,University of Otago,104.9833333333,6299/60,5,3,2,6299/60,0,0,FINAL_SNAPSHOT_2026-09-27
76,psl-university,PSL University,104.7211904762,439829/4200,22,0,22,278437/4200,2882/75,6,FINAL_SNAPSHOT_2026-09-27
77,university-of-exeter,University of Exeter,102.8600000000,5143/50,7,4,3,147/4,6611/100,4,FINAL_SNAPSHOT_2026-09-27
78,tongji-university,Tongji University,101.0083333333,12121/120,6,3,3,1289/24,473/10,1,FINAL_SNAPSHOT_2026-09-27
79,the-university-of-glasgow,University of Glasgow,100.3566666667,30107/300,8,2,6,6787/100,4873/150,3,FINAL_SNAPSHOT_2026-09-27
80,university-of-east-anglia,University of East Anglia,99.9733333333,7498/75,11,1,10,12631/150,473/30,1,FINAL_SNAPSHOT_2026-09-27
81,the-university-of-edinburgh,The University of Edinburgh,99.1900000000,9919/100,14,4,10,18309/200,1529/200,3,FINAL_SNAPSHOT_2026-09-27
82,icahn-school-of-medicine-at-mount-sinai,Icahn School of Medicine at Mount Sinai,95.9500000000,1919/20,4,1,3,1919/20,0,0,FINAL_SNAPSHOT_2026-09-27
83,university-of-kiel,Kiel University,93.0666666667,1396/15,8,3,5,1373/30,473/10,1,FINAL_SNAPSHOT_2026-09-27
84,tel-aviv-university,Tel Aviv University,92.7083333333,2225/24,11,7,4,10201/120,77/10,1,FINAL_SNAPSHOT_2026-09-27
85,pennsylvania-state-university-university-park,"Pennsylvania State University, University Park",92.6000000000,463/5,9,7,2,831/10,19/2,1,FINAL_SNAPSHOT_2026-09-27
86,northwest-university,Northwest University,92.4950000000,18499/200,6,2,4,46147/600,187/12,2,FINAL_SNAPSHOT_2026-09-27
87,university-of-bern,University of Bern,91.4833333333,5489/60,11,4,7,339/5,1421/60,3,FINAL_SNAPSHOT_2026-09-27
88,university-of-wuerzburg,University of Wuerzburg,91.0400000000,2276/25,5,3,2,2276/25,0,0,FINAL_SNAPSHOT_2026-09-27
89,london-school-of-hygiene-tropical-medicine,London School of Hygiene & Tropical Medicine,90.8583333333,10903/120,7,2,5,2371/30,473/40,1,FINAL_SNAPSHOT_2026-09-27
90,indiana-university-bloomington,"Indiana University, Bloomington",90.1416666667,10817/120,9,6,3,2791/40,611/30,3,FINAL_SNAPSHOT_2026-09-27
91,okinawa-institute-of-science-and-technology-graduate-university,Okinawa Institute of Science and Technology Graduate University,89.5690476190,37619/420,16,4,12,6611/84,163/15,2,FINAL_SNAPSHOT_2026-09-27
92,washington-state-university,Washington State University,89.3250000000,3573/40,5,3,2,1407/20,759/40,2,FINAL_SNAPSHOT_2026-09-27
93,the-university-of-georgia,The University of Georgia,86.8000000000,434/5,7,4,3,773/10,19/2,1,FINAL_SNAPSHOT_2026-09-27
94,technical-university-of-denmark,Technical University of Denmark,86.2833333333,5177/60,9,3,6,5177/60,0,0,FINAL_SNAPSHOT_2026-09-27
95,university-of-potsdam,University of Potsdam,86.0666666667,1291/15,4,3,1,181/5,748/15,2,FINAL_SNAPSHOT_2026-09-27
96,university-of-california-irvine,"University of California, Irvine",85.1750000000,3407/40,9,4,5,3027/40,19/2,1,FINAL_SNAPSHOT_2026-09-27
97,university-of-birmingham,University of Birmingham,84.9950000000,16999/200,7,2,5,16999/200,0,0,FINAL_SNAPSHOT_2026-09-27
98,university-of-pretoria,University of Pretoria,84.0800000000,2102/25,8,1,7,13701/200,623/40,2,FINAL_SNAPSHOT_2026-09-27
99,university-of-helsinki,University of Helsinki,83.7250000000,3349/40,9,4,5,2779/40,57/4,2,FINAL_SNAPSHOT_2026-09-27
100,university-of-sao-paulo,University of Sao Paulo,83.2033333333,24961/300,6,1,5,24961/300,0,0,FINAL_SNAPSHOT_2026-09-27
